{"train/loss":0.0767,"train/global_step":130,"train/grad_norm":0.111328125,"_runtime":317,"_step":12,"_wandb":{"runtime":317},"_timestamp":1.7636970048947148e+09,"train/epoch":0.017040241184952155,"train/learning_rate":8.46456692913386e-06}