{"train/learning_rate":5.232447768399595e-09,"train/epoch":1,"train_loss":1.8221965286886104,"_timestamp":1.7640593025800257e+09,"train/loss":0.0354,"train_steps_per_second":2.614,"train/grad_norm":0.0703125,"_step":762,"_runtime":3023,"train_runtime":2918.0332,"_wandb":{"runtime":3023},"train/global_step":7629,"train_samples_per_second":83.662,"total_flos":2.1786465000059044e+18}