{"train/grad_norm":0.1357421875,"_wandb":{"runtime":195},"train/learning_rate":6.496062992125984e-06,"_runtime":195,"train/epoch":0.013107877834578582,"_timestamp":1.763696207186528e+09,"train/global_step":100,"_step":9,"train/loss":0.0881}