{"_timestamp":1.7640875535406342e+09,"_wandb":{"runtime":4101},"train/learning_rate":0.0003925340384001842,"train/epoch":0.6121378948748197,"train/loss":0.6674,"train/global_step":4670,"_step":466,"_runtime":4101,"train/grad_norm":0.059814453125}