{"_runtime":603,"train/learning_rate":4.9904040404040406e-05,"train/global_step":120,"train/kl_loss":1.933186411857605,"_timestamp":1.7649173631520972e+09,"train/loss":8.9195,"train/grad_norm":9.649725914001465,"train/epoch":0.012,"_step":119,"_wandb":{"runtime":603},"train/ce_loss":0.08408740907907486}