{"train/epoch":1,"train/loss":0.0158,"train_runtime":1787.8165,"total_flos":2.1786465000059044e+18,"_wandb":{"runtime":1905},"_step":762,"train_steps_per_second":4.267,"_runtime":1905,"train/learning_rate":5.232447768399595e-09,"_timestamp":1.7640494401606379e+09,"train_samples_per_second":136.551,"train/grad_norm":0.0033721923828125,"train/global_step":7629,"train_loss":0.03554366047517674}