{"train_loss":0.10887643380408238,"_runtime":4830,"_wandb":{"runtime":4830},"_timestamp":1.7640720399757621e+09,"_step":762,"train_runtime":4713.7721,"train_samples_per_second":51.79,"train_steps_per_second":1.618,"train/loss":0.094,"train/grad_norm":0.01116943359375,"train/learning_rate":5.232447768399595e-09,"train/epoch":1,"train/global_step":7629,"total_flos":2.1786465000059044e+18}