{"_runtime":1904,"train/loss":0.0144,"train/learning_rate":5.232447768399595e-09,"_step":762,"total_flos":2.1786465000059044e+18,"train/global_step":7629,"train/epoch":1,"train_loss":0.11508742202479118,"train_samples_per_second":136.875,"_wandb":{"runtime":1904},"train_runtime":1783.5846,"train_steps_per_second":4.277,"_timestamp":1.7640538673350132e+09,"train/grad_norm":0.0033111572265625}