{"train/global_step":74,"_timestamp":1.7649511509434812e+09,"train/loss":1.8241,"_runtime":439,"_step":73,"train/epoch":0.0074,"train/skipped_batches":0,"train/learning_rate":1.825e-05,"train/grad_norm":108.48158264160156,"_wandb":{"runtime":439}}