{"train_steps_per_second":3.819,"total_flos":2.1786465000059044e+18,"train/learning_rate":0.00026115485564304463,"_timestamp":1.7640465271291568e+09,"_step":782,"train_samples_per_second":122.209,"train/global_step":200,"train/grad_norm":0.0150146484375,"train/epoch":0.026215755669157164,"train_loss":0.032601993129112446,"train/loss":0.0223,"_wandb":{"runtime":2293},"_runtime":2293,"train_runtime":1997.619}