{"_wandb":{"runtime":319},"_step":0,"train/grad_norm":6618.82275390625,"train/global_step":1,"_timestamp":1.764916667955346e+09,"train/loss":131.3605,"train/learning_rate":0,"train/kl_loss":14.126060485839844,"train/ce_loss":11.591989517211914,"_runtime":319,"train/epoch":0.0001}