{"_wandb":{"runtime":2406},"train_samples_per_second":104.619,"train_loss":0.014174218579730257,"_runtime":2406,"train/epoch":1,"train/loss":0.0126,"total_flos":2.1786465000059044e+18,"_timestamp":1.764056276890464e+09,"train/learning_rate":5.232447768399595e-09,"train_runtime":2333.5,"train/global_step":7629,"train/grad_norm":0.00250244140625,"_step":762,"train_steps_per_second":3.269}