{"train/grad_norm":0.01495361328125,"train_runtime":5284.8173,"total_flos":2.1786465000059044e+18,"_timestamp":1.7640774411614234e+09,"_step":762,"train/learning_rate":5.232447768399595e-09,"train/global_step":7629,"_runtime":5398,"train/epoch":1,"train_steps_per_second":1.444,"train_loss":0.16121976632468119,"_wandb":{"runtime":5398},"train/loss":0.1441,"train_samples_per_second":46.194}