{"train/loss":7.52234368e+07,"_wandb":{"runtime":8457},"train/grad_norm":NaN,"train/epoch":0.04,"_step":39,"_timestamp":1.7648960861317568e+09,"_runtime":8457,"train/learning_rate":4.848989898989899e-05,"train/global_step":400}