{"_wandb":{"runtime":6008},"train_runtime":5894.259,"train_steps_per_second":1.294,"total_flos":2.1786465000059044e+18,"train/global_step":7629,"_step":762,"train/grad_norm":0.0281982421875,"train/learning_rate":5.232447768399595e-09,"train_samples_per_second":41.418,"train_loss":0.2673259902741091,"_timestamp":1.7640834516713119e+09,"_runtime":6008,"train/loss":0.2463,"train/epoch":1}