{"train/learning_rate":5.232447768399595e-09,"train/global_step":7629,"train_steps_per_second":1.841,"_runtime":4249,"_timestamp":1.7640672068330107e+09,"train/epoch":1,"train_samples_per_second":58.901,"_step":762,"train/grad_norm":0.0074462890625,"train_runtime":4144.6871,"total_flos":2.1786465000059044e+18,"train_loss":0.0573871822739385,"_wandb":{"runtime":4249},"train/loss":0.0501}