{"train/global_step":120,"_step":11,"train/learning_rate":4.9904040404040406e-05,"train/epoch":0.012,"_wandb":{"runtime":2493},"train/grad_norm":NaN,"train/loss":0,"_runtime":2493,"_timestamp":1.7649037112598054e+09}