{"train/global_step":7629,"_wandb":{"runtime":3650},"_timestamp":1.7640629550815427e+09,"train/learning_rate":5.232447768399595e-09,"train/epoch":1,"total_flos":2.1786465000059044e+18,"_step":762,"train_steps_per_second":2.151,"train/grad_norm":0.00531005859375,"train_loss":0.049811488168082396,"_runtime":3650,"train_runtime":3546.7039,"train_samples_per_second":68.832,"train/loss":0.0443}